setting,mean_position_std
periodic,31.696340444547456
non_periodic,31.186087550092576
combined,24.840006888660266
